Creation,MergeTime,id,isPr,N. of Comments,Closed,N. Labels,author, labelStatus, lastUpdateTime, milestoneTitle, Repository
1600073300,NA,31454,1,9,0,6,ianna,NNNNNNNNNPNNNNNNNRNNN,1600078205,CMSSW_11_2_X,cms-sw/cmssw
1600064473,NA,31453,1,8,0,7,jan-kaspar,PNNNNPNNNNNNNNNNNANNN,1600076998,CMSSW_11_2_X,cms-sw/cmssw
1599955337,NA,31451,1,17,0,9,bsunanda,NNNNNNNNNPNNNPPNNAPNN,1600017328,CMSSW_11_2_X,cms-sw/cmssw
1599938524,NA,31450,1,12,0,7,bsunanda,NNNNNNNNPNNNNNNNAANNN,1600014232,CMSSW_11_2_X,cms-sw/cmssw
1599914226,NA,31449,1,10,0,6,davidlange6,NNNNPNNNNNNNNNNNNANNN,1599925321,CMSSW_11_2_X,cms-sw/cmssw
1599912454,NA,31448,1,46,0,7,perrotta,NPNNNNNNNNNNNNNPNANNN,1600072749,CMSSW_11_2_X,cms-sw/cmssw
1599885623,NA,31447,1,7,0,6,quark2,NNNNNPNNNNNNNNNNNANNN,1600064642,CMSSW_11_1_X,cms-sw/cmssw
1599866043,NA,31446,1,14,0,7,lathomas,NPNNNNNNNNNNNNNNNANNA,1599927267,CMSSW_11_2_X,cms-sw/cmssw
1599858684,NA,31445,1,8,0,7,guitargeek,NPNNNNNNNNNNNNNPNANNN,1599879719,CMSSW_11_2_X,cms-sw/cmssw
1599855853,NA,31443,1,8,0,7,makortel,NNNNNNNNNNNNPNNNNAPNN,1599868049,CMSSW_11_2_X,cms-sw/cmssw
1599853046,NA,31442,1,14,0,7,wddgit,NNPNNNNNNNNNNNNNPANNN,1599940150,CMSSW_11_2_X,cms-sw/cmssw
1599849241,NA,31440,1,7,0,6,makortel,NNNNNNNNNPNNNNNNNANNN,1599854057,CMSSW_11_2_X,cms-sw/cmssw
1599844060,NA,31437,1,10,0,9,makortel,ANNNPNNNNNNNPNNNNAPNN,1600052667,CMSSW_11_2_X,cms-sw/cmssw
1599829818,NA,31436,1,8,0,6,Dr15Jones,NNPNNNNNNNNNNNNNNANNN,1599839885,CMSSW_11_2_X,cms-sw/cmssw
1599826786,NA,31435,1,6,0,6,cerminar,NNNNNNNNNNNNPNNNNAPNN,1599838806,CMSSW_11_1_X,cms-sw/cmssw
1599825848,NA,31434,1,30,0,7,slomeo,NNNNNNNNNANNNNNNNAPNN,1599919196,CMSSW_11_2_X,cms-sw/cmssw
1599820336,NA,31433,1,20,0,6,dpiparo,NNNNNNNNNNNNNNNPNANNN,1599931881,CMSSW_11_2_X,cms-sw/cmssw
1599752503,NA,31428,1,16,0,7,bsunanda,NNNNNNNNNANNNNNNNAPNN,1599938121,CMSSW_11_2_X,cms-sw/cmssw
1599731281,NA,31425,1,24,0,6,davidlange6,NNPNNNNNNNNNNNNNNPNNN,1599833435,CMSSW_11_2_X,cms-sw/cmssw
1599720968,NA,31420,1,21,0,8,lathomas,NPNNNNNNNNNNNNNPNANNP,1599927888,CMSSW_10_6_X,cms-sw/cmssw
1599718696,NA,31417,1,9,0,7,davidlange6,NNNNNANNNNNNPNNNNANNN,1599831147,CMSSW_11_2_X,cms-sw/cmssw
1599672771,NA,31413,1,15,0,8,lathomas,NPNNNNNNNNNNNNNPNANNP,1599831103,CMSSW_10_6_X,cms-sw/cmssw
1599658719,NA,31411,1,21,0,6,mmusich,ANNNNNNNNNNNNNNNNANNN,1600052296,CMSSW_11_2_X,cms-sw/cmssw
1599594376,NA,31399,1,26,0,8,czkaiweb,NPNNNNNNNNNNNNNPNANNP,1600076052,CMSSW_11_2_X,cms-sw/cmssw
1599494437,NA,31384,1,14,0,6,hatakeyamak,NNNNNNNNNPNNNNNNNANNN,1600076925,CMSSW_11_2_X,cms-sw/cmssw
1599487878,NA,31383,1,75,0,12,ghugo83,PNNNPPNNNPNNNNNPPANNN,1600075672,CMSSW_11_2_X,cms-sw/cmssw
1599466802,NA,31380,1,34,0,11,davidlange6,ANNNPANNNNNANNNAAANNN,1599670339,CMSSW_11_2_X,cms-sw/cmssw
1599463926,NA,31378,1,22,0,8,guitargeek,NPNNNNNNNNNNNNNPNANNP,1599689250,CMSSW_11_2_X,cms-sw/cmssw
1599461900,NA,31376,1,27,0,7,SenneVanPutte,PNNNNNNNNNNNNNNNNANNN,1600077948,CMSSW_11_2_X,cms-sw/cmssw
1599453261,NA,31374,1,19,0,7,watson-ij,NNNNPNNNNNNNNNNNAANNN,1599677674,CMSSW_11_2_X,cms-sw/cmssw
1599326481,NA,31369,1,8,0,7,jfernan2,NNNNNPNNNNNNNPNNNANNN,1599340073,CMSSW_11_2_X,cms-sw/cmssw
1599203153,NA,31361,1,9,0,7,jbsauvan,NNNNNNNNNNNNPNNNNAANN,1599574604,CMSSW_11_2_X,cms-sw/cmssw
1599125514,NA,31348,1,16,0,6,archiron,NNNNNANNNNNNNNNNNANNN,1600066267,CMSSW_11_2_X,cms-sw/cmssw
1599096163,NA,31342,1,25,0,7,dildick,NNNNNNNNNNNNPNNNNAANN,1599832138,CMSSW_11_1_X,cms-sw/cmssw
1599068143,NA,31339,1,9,0,7,trtomei,NNNNNNNNNNNPNNNNNPPNN,1599749616,CMSSW_11_2_X,cms-sw/cmssw
1598966550,NA,31314,1,107,0,10,JanFSchulte,NNNNNNNNNPNNNNNPPPPNN,1599801312,CMSSW_11_2_X,cms-sw/cmssw
1598928495,NA,31309,1,19,0,10,watson-ij,NNNNNNNNNANNPPNNPAPNN,1599198985,CMSSW_11_2_X,cms-sw/cmssw
1598892725,NA,31305,1,12,0,6,mrodozov,NNPNNNNNNNNNNNNNNANNN,1598907238,CMSSW_11_2_X,cms-sw/cmssw
1598857748,NA,31298,1,33,0,7,veelken,NPNNNNNNNNNNNNNPNANNN,1599847785,CMSSW_11_2_X,cms-sw/cmssw
1598843042,NA,31295,1,66,0,7,hatakeyamak,NNNNNNNNNNNANNNANANNN,1600073641,CMSSW_11_2_X,cms-sw/cmssw
1598726145,NA,31293,1,15,0,8,jwill24,NANNNNNNNNNNNNNNNANNP,1599590585,CMSSW_11_2_X,cms-sw/cmssw
1598621647,NA,31285,1,38,0,6,sbein,NNNNNNNPNNNNNNNNNPNNN,1599466492,CMSSW_11_2_X,cms-sw/cmssw
1598620377,NA,31284,1,8,0,6,SenneVanPutte,PNNNNNNNNNNNNNNNNSNNN,1600074082,CMSSW_10_6_X,cms-sw/cmssw
1598602637,NA,31276,1,59,0,8,swertz,NPNNNNNNPNNNNNNNNANNP,1599899954,CMSSW_11_2_X,cms-sw/cmssw
1598534236,NA,31263,1,11,0,7,battibass,PNNNNNNNNNNNNNNPNANNN,1599742586,CMSSW_11_2_X,cms-sw/cmssw
1598294381,NA,31220,1,43,0,7,bainbrid,NPNNNNNNNNNNNNNPNANNN,1599226183,CMSSW_11_2_X,cms-sw/cmssw
1598282671,NA,31218,1,1,0,5,trtomei,NNNNNNNNNNNPNNNNNPNNN,1599068165,CMSSW_11_1_X,cms-sw/cmssw
1597900962,NA,31191,1,135,0,6,jpata,NNNNNNNNNNNNNNNPNANNN,1599841809,CMSSW_11_2_X,cms-sw/cmssw
1597836770,NA,31176,1,12,0,6,camolezi,NNNNNNNPNNNNNNNNNANNN,1599670972,CMSSW_11_2_X,cms-sw/cmssw
1597251975,NA,31129,1,48,0,8,BetterWang,NPNNNPNNNNNNNNNPNRNNN,1599741729,CMSSW_11_2_X,cms-sw/cmssw
1596835699,NA,31099,1,15,0,8,kpedro88,NNNNNNNNNNNNANNNNAANN,1599477402,CMSSW_11_1_X,cms-sw/cmssw
1596774116,NA,31087,1,68,0,7,amkalsi,NANNNNNNNNNNNNNANANNP,1599851282,CMSSW_10_6_X,cms-sw/cmssw
1596177532,NA,31002,1,24,0,6,mmusich,PNNNNNNNNNNNNNNNNANNN,1599478528,CMSSW_11_2_X,cms-sw/cmssw
1595958448,NA,30949,1,19,0,6,dan131riley,NNPNNNNNNNNNNNNNNANNN,1596474122,CMSSW_11_2_X,cms-sw/cmssw
1595846612,NA,30922,1,77,0,7,saghosh,NANNNNNNNNNNNNNNNANNP,1599719463,CMSSW_11_2_X,cms-sw/cmssw
1595593690,NA,30898,1,107,0,7,mandrenguyen,NPNNNNNNNNNNNNNPNPNNN,1600014590,CMSSW_11_2_X,cms-sw/cmssw
1595512917,NA,30886,1,41,0,8,hjkwon260,ANNNPNNNNNNNPNNNNANNN,1600014024,CMSSW_11_2_X,cms-sw/cmssw
1595505199,NA,30885,1,34,0,6,davidlange6,NNPNNNNNNNNNNNNNNRNNN,1600077625,CMSSW_11_2_X,cms-sw/cmssw
1595332850,NA,30847,1,33,0,6,aehart,NNNNNNNNNNNNPNNNNANNN,1599477637,CMSSW_11_2_X,cms-sw/cmssw
1595193865,NA,30832,1,44,0,6,emacdonald16,NNNNNPNNNNNNNPNNNRNNN,1599477427,CMSSW_11_1_X,cms-sw/cmssw
1594358313,NA,30629,1,23,0,6,fwyzard,NNPNNNNNNNNNNNNNNANNN,1594738977,CMSSW_11_2_X,cms-sw/cmssw
1594206428,NA,30594,1,94,0,6,andrius-k,NNNNNNPNNNNNNNNNNPNNN,1598975239,CMSSW_11_2_X,cms-sw/cmssw
1594042366,NA,30557,1,60,0,9,icosivi,NNNNNNNNNNNNNNNNPRPNN,1596710570,CMSSW_11_2_X,cms-sw/cmssw
1592242206,NA,30252,1,112,0,10,forthommel,NNNNNPNNNPNNNNNPPRNNN,1599634647,CMSSW_11_2_X,cms-sw/cmssw
1591849485,NA,30187,1,38,0,6,tanmaymudholkar,NNNNNPNNNNNNNNNNNANNN,1598960569,CMSSW_11_2_X,cms-sw/cmssw
1591366749,NA,30126,1,43,0,8,mtosi,NNNNNNNNNRNNNNNNNARNN,1599071038,CMSSW_11_2_X,cms-sw/cmssw
1587685110,NA,29553,1,97,0,7,makortel,NNPNNNNNNNPNNNNNNRNNN,1595934411,CMSSW_11_2_X,cms-sw/cmssw
1585900482,NA,29386,1,129,0,9,RSalvatico,PNNNPNNNNNNNNNNNPRPNN,1598373489,CMSSW_11_2_X,cms-sw/cmssw
1568296225,NA,27983,1,238,0,18,fwyzard,PNNNPPNPNPPPNPPPPPPNN,1598949748,CMSSW_11_2_X,cms-sw/cmssw
